<?xml version="1.0" encoding="UTF-8"?>
<beans xmlns="http://www.springframework.org/schema/beans"
    xmlns:security="http://www.springframework.org/schema/security"
	xmlns:mvc="http://www.springframework.org/schema/mvc" xmlns:xsi="http://www.w3.org/2001/XMLSchema-instance"
	xmlns:jdbc="http://www.springframework.org/schema/jdbc" xmlns:tx="http://www.springframework.org/schema/tx"
	xmlns:jpa="http://www.springframework.org/schema/data/jpa"
	xmlns:context="http://www.springframework.org/schema/context"
	xsi:schemaLocation="http://www.springframework.org/schema/jdbc http://www.springframework.org/schema/jdbc/spring-jdbc.xsd
  http://www.springframework.org/schema/beans http://www.springframework.org/schema/beans/spring-beans.xsd
  http://www.springframework.org/schema/mvc http://www.springframework.org/schema/mvc/spring-mvc.xsd 
  http://www.springframework.org/schema/data/jpa http://www.springframework.org/schema/data/jpa/spring-jpa.xsd
  http://www.springframework.org/schema/tx http://www.springframework.org/schema/tx/spring-tx-4.0.xsd 
  http://www.springframework.org/schema/context http://www.springframework.org/schema/context/spring-context.xsd
  http://www.springframework.org/schema/security http://www.springframework.org/schema/security/spring-security.xsd">

	<context:component-scan base-package="edu.vn"/>
	<context:annotation-config></context:annotation-config>
	<mvc:annotation-driven/>
	
	<import resource="configuration.datasources.xml"/>
	<import resource="configuration.iterceptor.xml"/>
	<import resource="configuration.bean.xml"/>
	
	<!--Security  -->
	<security:http pattern="/admin/**">
		<security:csrf disabled="true"/>
		<security:intercept-url pattern="/admin/login" access="permitAll" />
	  	<security:intercept-url pattern="/admin/**" access="hasRole('ROLE_ADMIN')" />
	  	<security:intercept-url pattern="/accessdenied" access="permitAll" />
	  	<security:access-denied-handler error-page="/accessdenied" />
    	<security:form-login    login-page="/views/admin/adminlogin.jsp"
                                login-processing-url="/admin/adminLogin" 
                                default-target-url="/admin/dashboard" 
                                username-parameter="userName"
                                password-parameter="password"  
                                authentication-failure-url="/showloginAdmin" />
        <security:logout logout-url="/admin/logout" logout-success-url="/admin/login"
        	invalidate-session="true" />
    </security:http>
	
   <security:http auto-config="true"  use-expressions="true">
        <security:csrf disabled="true"/>
        <security:intercept-url pattern="/index" access="permitAll" />
      <!--   <security:intercept-url pattern="/admin/**" access="hasRole('ROLE_ADMIN')" /> -->
        <security:intercept-url pattern="/accessdenied" access="permitAll" />
        <security:access-denied-handler error-page="/accessdenied" />
        <security:form-login    login-page="/views/login.jsp"
                                login-processing-url="/appLogin" 
                                default-target-url="/index" 
                                username-parameter="userName"
                                password-parameter="password"  
                                authentication-failure-url="/login" />
        <security:logout logout-success-url="/views/login.jsp"
        	invalidate-session="true" />
        	
    </security:http>
    
    <security:authentication-manager>
        <security:authentication-provider>
                <security:jdbc-user-service  
                    data-source-ref="dataSource"
                    users-by-username-query="SELECT U.userName as user_name, U.password as password, U.enabled as enabled from Users U where U.userName = ? "
                    authorities-by-username-query="SELECT U.userName as user_name,U.roles as authority FROM Users U where U.userName = ?" />
        </security:authentication-provider>
    </security:authentication-manager>
    
    <!-- Resource -->
    <mvc:resources mapping="/resources/**" location="/resources/" /><!--cache-period="31556926 -->
</beans>