<?xml version="1.0" encoding="UTF-8"?>
<beans xmlns="http://www.springframework.org/schema/beans"
	xmlns:xsi="http://www.w3.org/2001/XMLSchema-instance"
	xmlns:context="http://www.springframework.org/schema/context"
	xmlns:mvc="http://www.springframework.org/schema/mvc"
	xmlns:tx="http://www.springframework.org/schema/tx"
	xmlns:security="http://www.springframework.org/schema/security"
	xsi:schemaLocation="http://www.springframework.org/schema/security http://www.springframework.org/schema/security/spring-security-4.2.xsd
		http://www.springframework.org/schema/mvc http://www.springframework.org/schema/mvc/spring-mvc-4.3.xsd
		http://www.springframework.org/schema/beans http://www.springframework.org/schema/beans/spring-beans.xsd
		http://www.springframework.org/schema/context http://www.springframework.org/schema/context/spring-context-4.3.xsd
		http://www.springframework.org/schema/tx http://www.springframework.org/schema/tx/spring-tx-4.3.xsd">
	<context:annotation-config/>
	<context:component-scan base-package="edu.vn"/>
	<mvc:annotation-driven/>
	
	<import resource="configuration.datasources.xml"/>
	<import resource="configuration.iterceptor.xml"/>
	<import resource="configuration.bean.xml"/>
	
	<security:http>
		<security:intercept-url pattern="/index" access="hasAnyRole('ROLE_ADMIN,ROLE_USER')" />
		<security:csrf disabled="true"/>
		<security:form-login    login-page="/views/sign-in.jsp"
                                login-processing-url="/appLogin" 
                                default-target-url="/index" 
                                username-parameter="username" password-parameter="password"  
                                authentication-failure-url="/" />
	</security:http>
	<security:authentication-manager>
		<security:authentication-provider>
			 <!-- <security:user-service>
	                    <security:user name="admin" password="admin" authorities="ROLE_ADMIN, ROLE_USER" />
	                    <security:user name="sa" password="sa" authorities="ROLE_USER" /> 
	         </security:user-service> -->
			<security:jdbc-user-service 
				data-source-ref="dataSource"
				users-by-username-query="select userName as username, password as password from Users u where u.userName = ? AND u.password = ?"
				authorities-by-username-query="select userName as username, roles as authority from Users u where u.userName = ? "
			/>
			
		</security:authentication-provider>
	</security:authentication-manager>
	<mvc:resources mapping="/resources/**" location="/resources/" />
</beans>
